006-B4656-00,Approach S50
006-B4233-00,Approach S70 (42mm)
006-B4234-00,Approach S70 (47mm)
006-B3500-00,Captain Marvel
006-B3535-00,Captain Marvel
006-B2187-00,D2 Air
006-B4125-00,D2 Air X10
006-B4944-00,D2 Air X15
006-B3197-00,D2 Delta
006-B3198-00,D2 Delta PX
006-B3324-00,D2 Delta PX
006-B3196-00,D2 Delta S
006-B4079-00,D2 Mach 1
006-B4556-00,D2 Mach 1 Pro
006-B4879-00,D2 Mach 2
006-B5056-00,D2 Mach 2 Pro
006-B3499-00,Darth Vader
006-B3538-00,Darth Vader
006-B4005-00,Descent G1
006-B4132-00,Descent G1
006-B4588-00,Descent G2
006-B3258-00,Descent MK2
006-B3702-00,Descent MK2
006-B3542-00,Descent Mk2S
006-B3930-00,Descent Mk2S
006-B4222-00,Descent MK3 - 43mm
006-B4223-00,Descent MK3i - 51mm
006-B3638-00,Enduro
006-B3872-00,Enduro
006-B4341-00,Enduro 2
006-B4575-00,Enduro 3
006-B3943-00,epix (Gen 2)
006-B3944-00,epix (Gen 2)
006-B4312-00,epix Pro (42mm)
006-B4313-00,epix Pro (47mm)
006-B4314-00,epix Pro (51mm)
006-B3501-00,First Avenger
006-B3536-00,First Avenger
006-B3914-00,ForeAthlete 245
006-B3913-00,ForeAthlete 245 Music
006-B4033-00,ForeAthlete 55
006-B3003-00,ForeAthlete 645
006-B3004-00,ForeAthlete 645 Music
006-B3794-00,ForeAthlete 745
006-B2833-00,ForeAthlete 935
006-B4432-00,Forerunner 165
006-B4433-00,Forerunner 165 Music
006-B4815-00,Forerunner 170
006-B4814-00,Forerunner 170 Music
006-B3076-00,Forerunner 245
006-B3145-00,Forerunner 245
006-B3077-00,Forerunner 245 Music
006-B3321-00,Forerunner 245 Music
006-B3992-00,Forerunner 255
006-B3990-00,Forerunner 255 Music
006-B3993-00,Forerunner 255S
006-B3991-00,Forerunner 255S Music
006-B4257-00,Forerunner 265
006-B4258-00,Forerunner 265S
006-B3869-00,Forerunner 55
006-B4838-00,Forerunner 55
006-B4574-00,Forerunner 570 - 42mm
006-B4570-00,Forerunner 570 - 47mm
006-B2886-00,Forerunner 645
006-B2888-00,Forerunner 645 Music
006-B4916-00,Forerunner 70
006-B5214-00,Forerunner 70
006-B3589-00,Forerunner 745
006-B2691-00,Forerunner 935
006-B3113-00,Forerunner 945
006-B3441-00,Forerunner 945
006-B3652-00,Forerunner 945 LTE
006-B4024-00,Forerunner 955 Dual Power
006-B4315-00,Forerunner 965
006-B4565-00,Forerunner 970
006-B2697-00,fēnix 5
006-B2796-00,fēnix 5
006-B3089-00,fēnix 5 Plus
006-B3110-00,fēnix 5 Plus
006-B2544-00,fēnix 5S
006-B2797-00,fēnix 5S
006-B2900-00,fēnix 5S Plus
006-B3134-00,fēnix 5S Plus
006-B2604-00,fēnix 5X
006-B2798-00,fēnix 5X
006-B3111-00,fēnix 5X Plus
006-B3135-00,fēnix 5X Plus
006-B3289-00,fēnix 6
006-B3514-00,fēnix 6
006-B3770-00,fēnix 6 Dual Power
006-B3290-00,fēnix 6 Pro
006-B3515-00,fēnix 6 Pro
006-B3771-00,fēnix 6 Pro Dual Power
006-B3767-00,fēnix 6 Pro Solar
006-B3766-00,fēnix 6 Solar
006-B3287-00,fēnix 6S
006-B3512-00,fēnix 6S
006-B3768-00,fēnix 6S Dual Power
006-B3288-00,fēnix 6S Pro
006-B3513-00,fēnix 6S Pro
006-B3769-00,fēnix 6S Pro Dual Power
006-B3765-00,fēnix 6S Pro Solar
006-B3764-00,fēnix 6S Solar
006-B3291-00,fēnix 6X Pro
006-B3516-00,fēnix 6X Pro
006-B3906-00,fēnix 7
006-B3909-00,fēnix 7
006-B4375-00,fēnix 7 Pro
006-B4595-00,fēnix 7 Pro – Solar Edition (No Wi-Fi®)
006-B3905-00,fēnix 7S
006-B3908-00,fēnix 7S
006-B4374-00,fēnix 7S Pro
006-B3907-00,fēnix 7X
006-B3910-00,fēnix 7X
006-B4376-00,fēnix 7X Pro
006-B4596-00,fēnix 7X Pro No Wi-Fi
006-B4534-00,fēnix 8 AMOLED (43mm)
006-B4536-00,fēnix 8 AMOLED (47mm/51mm)
006-B4631-00,fēnix 8 Pro
006-B4532-00,fēnix 8 Solar (47mm)
006-B4533-00,fēnix 8 Solar (51mm)
006-B4666-00,fēnix E
006-B3888-00,Instinct 2
006-B4071-00,Instinct 2
006-B3889-00,Instinct 2S
006-B4091-00,Instinct 2S
006-B4394-00,Instinct 2X
006-B4586-00,Instinct 3 – 45 mm, AMOLED
006-B4585-00,Instinct 3 – 45 mm, Solar
006-B4587-00,Instinct 3 – 50 mm, AMOLED
006-B4759-00,Instinct 3 – 50 mm, Solar
006-B4583-00,Instinct E – 40 mm
006-B4584-00,Instinct E – 45 mm
006-B4105-00,MARQ (Gen 2)
006-B3624-00,MARQ Adventurer
006-B3648-00,MARQ Adventurer
006-B3251-00,MARQ Athlete
006-B3451-00,MARQ Athlete
006-B3247-00,MARQ Aviator
006-B3421-00,MARQ Aviator
006-B4124-00,MARQ Aviator (Gen 2)
006-B3248-00,MARQ Captain
006-B3448-00,MARQ Captain
006-B3249-00,MARQ Commander
006-B3449-00,MARQ Commander
006-B4472-00,MARQ Commander (Gen 2) – Carbon Edition
006-B3246-00,MARQ Driver
006-B3420-00,MARQ Driver
006-B3250-00,MARQ Expedition
006-B3450-00,MARQ Expedition
006-B3739-00,MARQ Golfer
006-B3850-00,MARQ Golfer
006-B3737-00,Mercedes-Benz Venu
006-B3740-00,Mercedes-Benz Venu
006-B4171-00,Mercedes-Benz Venu 2
006-B4180-00,Mercedes-Benz Venu 2
006-B4175-00,Mercedes-Benz Venu 2S
006-B4181-00,Mercedes-Benz Venu 2S
006-B3782-00,quatix 6
006-B3783-00,quatix 6X
006-B3498-00,Rey
006-B3537-00,Rey
006-B4135-00,tactix 7
006-B4542-00,tactix 7 – AMOLED Edition
006-B4775-00,tactix 8 – 47 mm, AMOLED
006-B4776-00,tactix 8 – 51 mm, Solar
006-B3226-00,Venu
006-B3389-00,Venu
006-B3703-00,Venu 2
006-B3950-00,Venu 2
006-B3851-00,Venu 2 Plus
006-B4017-00,Venu 2 Plus
006-B3704-00,Venu 2S
006-B3949-00,Venu 2S
006-B4260-00,Venu 3
006-B4261-00,Venu 3S
006-B4644-00,Venu 4 – 41 mm
006-B4643-00,Venu 4 – 45 mm
006-B4115-00,Venu Sq. 2
006-B4116-00,Venu Sq. 2 Music
006-B4603-00,Venu X1
006-B2700-00,vívoactive 3
006-B2976-00,vívoactive 3
006-B3446-00,vívoactive 3
006-B2988-00,vívoactive 3 Music
006-B3066-00,vívoactive 3 Music
006-B3163-00,vívoactive 3 Music
006-B3225-00,vívoactive 4
006-B3388-00,vívoactive 4
006-B3224-00,vívoactive 4S
006-B3387-00,vívoactive 4S
006-B4426-00,vívoactive 5
006-B4625-00,vívoactive 6
