006-B4656-00,5.1.0
006-B2656-00,2.4.9
006-B2907-00,2.4.9
006-B3393-00,3.0.12
006-B3700-00,3.0.12
006-B4233-00,5.1.0
006-B4234-00,5.1.0
006-B2187-00,3.2.1
006-B4125-00,5.0.0
006-B2262-00,1.4.4
006-B2467-00,1.3.1
006-B2547-00,1.4.4
006-B2819-00,3.0.0
006-B2994-00,2.4.1
006-B3197-00,3.1.8
006-B3198-00,3.1.8
006-B3324-00,3.0.3
006-B3196-00,3.1.8
006-B4079-00,5.2.0
006-B4879-00,5.2.0
006-B5056-00,6.0.0
006-B4005-00,3.4.0
006-B4132-00,3.2.7
006-B4588-00,5.1.0
006-B2859-00,3.1.9
006-B2991-00,3.1.9
006-B3258-00,3.4.5
006-B3702-00,3.4.5
006-B3542-00,3.4.5
006-B3930-00,3.4.5
006-B4222-00,5.1.0
006-B4223-00,5.1.0
006-B2713-00,3.3.1
006-B2924-00,3.2.5
006-B3095-00,3.3.1
006-B3570-00,3.3.1
006-B3812-00,3.3.6
006-B3843-00,6.0.0
006-B4305-00,5.1.2
006-B4440-00,6.0.0
006-B2909-00,3.1.1
006-B3092-00,3.1.8
006-B3558-00,3.2.0
006-B3813-00,3.2.5
006-B3112-00,3.1.3
006-B3142-00,3.1.3
006-B3121-00,3.3.1
006-B3349-00,3.3.6
006-B4061-00,6.0.0
006-B4633-00,6.0.0
006-B2530-00,3.1.3
006-B2531-00,3.1.3
006-B2599-00,2.4.1
006-B2600-00,2.4.1
006-B2628-00,2.4.1
006-B2629-00,2.4.1
006-B2630-00,2.4.1
006-B3122-00,3.3.1
006-B3350-00,3.3.6
006-B4062-00,6.0.0
006-B4634-00,6.0.0
006-B1836-00,2.4.1
006-B2204-00,2.4.1
006-B2070-00,2.4.2
006-B2052-00,2.4.2
006-B2053-00,2.4.2
006-B2100-00,2.4.2
006-B2274-00,2.4.2
006-B2067-00,2.4.1
006-B2260-00,2.4.4
006-B2261-00,2.4.4
006-B3011-00,3.1.3
006-B4169-00,5.1.0
006-B4655-00,6.0.0
006-B3638-00,3.4.2
006-B3872-00,3.4.2
006-B4575-00,6.0.0
006-B1988-00,1.2.1
006-B2332-00,1.2.1
006-B3943-00,5.2.0
006-B3944-00,5.2.0
006-B4312-00,5.2.0
006-B4313-00,5.2.0
006-B4314-00,5.2.0
006-B4542-00,5.2.0
006-B4556-00,5.2.0
006-B4522-00,5.1.1
006-B2050-00,1.4.4
006-B2188-00,1.3.1
006-B2189-00,1.3.1
006-B2293-00,1.3.1
006-B2407-00,1.3.1
006-B2408-00,1.3.1
006-B2413-00,1.4.4
006-B2473-00,1.3.1
006-B2697-00,3.1.6
006-B2796-00,3.1.6
006-B3110-00,3.3.3
006-B3089-00,3.2.8
006-B2544-00,3.1.6
006-B2797-00,3.1.6
006-B2900-00,3.3.3
006-B3134-00,3.2.8
006-B2604-00,3.1.6
006-B2798-00,3.1.6
006-B3111-00,3.3.3
006-B3135-00,3.2.8
006-B3289-00,3.4.5
006-B3514-00,3.4.2
006-B3766-00,3.4.2
006-B3770-00,3.4.1
006-B3290-00,3.4.5
006-B3515-00,3.4.2
006-B3782-00,3.4.2
006-B3767-00,3.4.2
006-B3771-00,3.4.2
006-B3287-00,3.4.5
006-B3512-00,3.4.2
006-B3764-00,3.4.2
006-B3768-00,3.4.1
006-B3288-00,3.4.5
006-B3513-00,3.4.2
006-B3765-00,3.4.2
006-B3769-00,3.4.2
006-B3291-00,3.4.5
006-B3516-00,3.4.2
006-B3783-00,3.4.2
006-B3906-00,5.2.0
006-B3909-00,5.2.0
006-B4375-00,5.2.0
006-B4595-00,5.2.0
006-B3905-00,5.2.0
006-B3908-00,5.2.0
006-B4374-00,5.2.0
006-B3907-00,5.2.0
006-B3910-00,5.2.0
006-B4135-00,5.2.0
006-B4341-00,5.2.0
006-B4376-00,5.2.0
006-B4596-00,5.2.0
006-B4534-00,6.0.0
006-B4536-00,6.0.0
006-B4775-00,6.0.0
006-B4631-00,6.0.0
006-B4532-00,6.0.0
006-B4533-00,6.0.0
006-B4776-00,6.0.0
006-B2432-00,3.1.6
006-B2675-00,3.1.6
006-B4666-00,6.0.0
006-B4432-00,5.2.0
006-B4433-00,5.2.0
006-B4815-00,6.0.0
006-B4814-00,6.0.0
006-B2157-00,1.4.4
006-B2313-00,1.3.1
006-B2431-00,1.4.4
006-B2396-00,1.3.1
006-B2397-00,1.4.5
006-B2653-00,1.3.1
006-B2733-00,1.3.1
006-B3076-00,3.3.1
006-B3145-00,3.3.6
006-B3914-00,3.3.6
006-B3077-00,3.3.1
006-B3321-00,3.3.6
006-B3913-00,3.3.6
006-B3992-00,5.2.0
006-B3990-00,5.2.0
006-B3993-00,5.2.0
006-B3991-00,5.2.0
006-B4257-00,5.2.0
006-B4258-00,5.2.0
006-B3282-00,1.4.5
006-B3847-00,1.4.5
006-B3469-00,1.4.5
006-B3869-00,3.4.2
006-B4033-00,3.4.2
006-B4838-00,3.4.6
006-B4574-00,6.0.0
006-B4570-00,6.0.0
006-B2156-00,1.4.4
006-B2310-00,1.3.1
006-B2311-00,1.3.1
006-B2886-00,3.1.6
006-B3003-00,3.1.8
006-B2888-00,3.2.3
006-B3004-00,3.2.3
006-B4916-00,6.0.0
006-B5214-00,6.0.0
006-B2158-00,2.4.1
006-B2533-00,2.4.5
006-B2534-00,2.4.5
006-B3589-00,3.3.1
006-B3794-00,3.3.6
006-B1765-00,1.4.4
006-B2130-00,1.3.1
006-B2131-00,1.3.1
006-B2132-00,1.3.1
006-B2691-00,3.1.6
006-B2833-00,3.1.6
006-B3113-00,3.3.1
006-B3441-00,3.3.6
006-B3652-00,3.4.3
006-B4024-00,5.2.0
006-B4315-00,5.2.0
006-B4565-00,6.0.0
006-B3405-00,1.4.5
006-B3639-00,1.4.5
006-B3028-00,3.1.9
006-B3284-00,3.1.9
006-B3694-00,3.1.9
006-B3657-00,3.0.8
006-B3658-00,3.1.9
006-B4336-00,3.2.0
006-B4473-00,3.2.8
006-B3452-00,3.0.8
006-B3453-00,3.0.8
006-B3454-00,3.0.8
006-B3455-00,3.0.8
006-B4720-00,3.0.8
006-B4552-00,5.0.0
006-B3888-00,3.4.2
006-B4071-00,3.2.7
006-B3889-00,3.4.2
006-B4091-00,3.2.7
006-B4394-00,3.4.3
006-B4586-00,5.1.0
006-B4587-00,5.1.0
006-B4585-00,5.1.0
006-B4759-00,5.1.0
006-B4155-00,3.4.2
006-B4678-00,5.1.0
006-B4583-00,5.1.0
006-B4584-00,5.1.0
006-B3500-00,3.3.1
006-B3535-00,3.3.6
006-B3501-00,3.3.1
006-B3536-00,3.3.6
006-B3499-00,3.3.1
006-B3538-00,3.3.6
006-B3498-00,3.3.1
006-B3537-00,3.3.6
006-B4105-00,5.2.0
006-B4472-00,5.2.0
006-B4124-00,5.2.0
006-B3624-00,3.4.5
006-B3648-00,3.4.2
006-B3251-00,3.4.5
006-B3451-00,3.4.2
006-B3247-00,3.4.5
006-B3421-00,3.4.2
006-B3248-00,3.4.5
006-B3448-00,3.4.2
006-B3249-00,3.4.5
006-B3449-00,3.4.2
006-B3246-00,3.4.5
006-B3420-00,3.4.2
006-B3250-00,3.4.5
006-B3450-00,3.4.2
006-B3739-00,3.4.5
006-B3850-00,3.4.2
006-B3459-00,3.2.5
006-B4415-00,3.2.1
006-B5015-00,3.2.4
006-B2512-00,3.0.8
006-B2681-00,2.2.3
006-B2692-00,2.2.3
006-B2444-00,3.0.8
006-B3187-00,2.4.1
006-B9999-00,5.1.0
006-B3226-00,3.3.1
006-B3389-00,3.3.6
006-B3703-00,5.0.0
006-B3950-00,5.0.0
006-B4171-00,5.0.0
006-B4180-00,5.0.0
006-B3851-00,5.0.0
006-B4017-00,5.0.0
006-B3704-00,5.0.0
006-B3949-00,5.0.0
006-B4175-00,5.0.0
006-B4181-00,5.0.0
006-B4260-00,5.2.0
006-B4261-00,5.2.0
006-B4644-00,6.0.0
006-B4643-00,6.0.0
006-B4944-00,6.0.0
006-B3740-00,3.2.6
006-B3737-00,3.3.6
006-B3600-00,3.3.6
006-B3603-00,3.3.1
006-B3837-00,3.3.6
006-B4118-00,3.3.1
006-B4115-00,5.0.0
006-B4116-00,5.0.0
006-B3596-00,3.3.6
006-B3599-00,3.3.6
006-B3838-00,3.3.6
006-B4119-00,3.3.6
006-B4603-00,6.0.0
006-B1907-00,1.4.2
006-B2160-00,1.4.2
006-B2700-00,3.1.6
006-B2976-00,3.1.9
006-B3446-00,3.0.3
006-B3473-00,3.0.0
006-B3477-00,3.0.0
006-B2988-00,3.2.0
006-B3163-00,3.2.0
006-B3066-00,3.1.6
006-B3225-00,3.3.1
006-B3388-00,3.3.6
006-B3224-00,3.3.1
006-B3387-00,3.3.6
006-B4426-00,5.2.0
006-B4625-00,6.0.0
006-B2337-00,2.4.1
006-B2497-00,2.4.2
006-B3428-00,3.0.3
